run_id,machine_id,product_code,start_time,end_time,duration_hours,units_produced,units_defective,defect_rate,cycle_time_seconds,operator_id,efficiency_pct,scrap_cost
PR00239,M006,PART-0047,2023-01-01 01:00:00,2023-01-01 09:24:30.187596,8.41,1061,11,1.1,30.0,OP011,95.2,156.83
PR00454,M005,PART-0043,2023-01-01 07:00:00,2023-01-01 11:51:08.876959,4.85,479,17,3.62,38.3,OP005,78.7,124.75
PR00094,M005,PART-0018,2023-01-01 14:00:00,2023-01-02 00:17:05.344897,10.28,1460,45,3.1,24.0,OP014,83.6,292.96
PR00166,M007,PART-0013,2023-01-02 08:00:00,2023-01-02 14:02:01.865076,6.03,1181,7,0.63,19.6,OP007,94.3,69.93
PR00475,M005,PART-0010,2023-01-02 15:00:00,2023-01-02 17:17:15.343340,2.29,158,6,4.36,45.0,OP008,82.1,55.18
PR00352,M002,PART-0033,2023-01-04 10:00:00,2023-01-04 18:20:26.607056,8.34,566,12,2.23,50.7,OP020,96.8,150.88
PR00141,M008,PART-0011,2023-01-05 03:00:00,2023-01-05 08:57:21.440245,5.96,402,7,1.95,48.0,OP014,93.2,169.49
PR00074,M008,PART-0043,2023-01-06 07:00:00,2023-01-06 14:56:17.517961,7.94,469,7,1.62,50.7,OP012,78.8,120.77
PR00288,M015,PART-0031,2023-01-07 01:00:00,2023-01-07 03:48:02.330564,2.8,236,2,0.93,39.1,OP018,76.2,40.84
PR00054,M012,PART-0010,2023-01-08 03:00:00,2023-01-08 09:18:20.635512,6.31,498,4,0.93,37.9,OP008,79.4,62.12
PR00257,M001,PART-0038,2023-01-08 08:00:00,2023-01-08 14:17:22.425521,6.29,1128,24,2.22,20.8,OP019,77.2,184.26
PR00127,M015,PART-0023,2023-01-09 05:00:00,2023-01-09 07:24:11.873092,2.4,269,9,3.7,27.1,OP013,86.8,166.89
PR00498,M001,PART-0037,2023-01-09 09:00:00,2023-01-09 16:52:47.612410,7.88,942,21,2.26,27.5,OP004,93.6,147.02
PR00411,M002,PART-0030,2023-01-09 19:00:00,2023-01-09 23:32:00.086600,4.53,764,6,0.84,21.3,OP009,92.7,113.07
PR00440,M011,PART-0045,2023-01-09 21:00:00,2023-01-10 03:31:27.889256,6.52,597,23,3.89,32.4,OP014,96.8,176.05
PR00211,M013,PART-0009,2023-01-11 17:00:00,2023-01-11 21:44:09.451678,4.74,707,17,2.54,26.3,OP005,84.5,323.0
PR00428,M011,PART-0012,2023-01-11 20:00:00,2023-01-12 00:03:41.767869,4.06,462,10,2.35,30.3,OP020,90.9,169.25
PR00146,M006,PART-0029,2023-01-11 22:00:00,2023-01-12 03:30:17.321828,5.5,430,3,0.72,46.8,OP014,97.3,68.07
PR00072,M007,PART-0020,2023-01-11 22:00:00,2023-01-12 08:11:22.760448,10.19,1572,17,1.13,23.4,OP008,80.8,137.41
PR00163,M008,PART-0002,2023-01-12 17:00:00,2023-01-12 19:29:34.475119,2.49,458,20,4.54,21.1,OP011,93.8,221.22
PR00408,M014,PART-0001,2023-01-12 19:00:00,2023-01-13 00:07:57.713803,5.13,267,11,4.24,69.2,OP014,77.2,77.86
PR00106,M007,PART-0013,2023-01-13 00:00:00,2023-01-13 10:28:44.115760,10.48,1146,37,3.23,28.3,OP013,81.8,225.38
PR00011,M015,PART-0050,2023-01-13 04:00:00,2023-01-13 06:15:59.297579,2.27,340,11,3.45,21.1,OP019,88.3,213.71
PR00213,M007,PART-0012,2023-01-14 13:00:00,2023-01-15 00:12:42.903519,11.21,1018,34,3.43,43.4,OP017,87.5,603.08
PR00254,M005,PART-0007,2023-01-14 14:00:00,2023-01-15 01:13:24.670014,11.22,653,14,2.23,53.7,OP001,79.7,310.69
PR00232,M007,PART-0026,2023-01-14 15:00:00,2023-01-14 23:03:56.370283,8.07,1013,25,2.47,29.5,OP001,85.9,391.73
PR00431,M005,PART-0042,2023-01-15 09:00:00,2023-01-15 15:58:30.534161,6.98,628,4,0.69,40.0,OP012,81.6,54.77
PR00255,M012,PART-0039,2023-01-15 11:00:00,2023-01-15 21:15:54.510681,10.27,648,29,4.56,48.6,OP002,95.2,453.23
PR00296,M015,PART-0005,2023-01-15 16:00:00,2023-01-15 20:50:48.366768,4.85,939,22,2.36,19.4,OP006,78.1,158.56
PR00244,M013,PART-0037,2023-01-15 19:00:00,2023-01-16 04:34:19.418566,9.57,759,9,1.31,42.4,OP005,91.9,132.03
PR00173,M007,PART-0018,2023-01-15 21:00:00,2023-01-16 03:49:02.583077,6.82,1016,34,3.38,26.5,OP009,90.1,817.49
PR00007,M013,PART-0022,2023-01-17 05:00:00,2023-01-17 08:11:17.196710,3.19,216,8,4.08,48.6,OP018,96.6,160.79
PR00368,M015,PART-0023,2023-01-18 14:00:00,2023-01-18 21:33:06.379499,7.55,351,12,3.58,66.7,OP003,97.3,127.31
PR00489,M011,PART-0020,2023-01-19 00:00:00,2023-01-19 11:43:14.611818,11.72,1690,33,1.97,24.5,OP020,89.3,666.71
PR00271,M006,PART-0035,2023-01-19 02:00:00,2023-01-19 06:17:57.484989,4.3,516,10,2.09,27.7,OP001,91.1,102.67
PR00373,M012,PART-0034,2023-01-19 20:00:00,2023-01-20 00:03:06.735961,4.05,224,8,3.71,61.0,OP004,75.1,189.17
PR00184,M001,PART-0020,2023-01-20 00:00:00,2023-01-20 08:16:00.729432,8.27,810,36,4.45,31.9,OP005,77.4,542.4
PR00005,M014,PART-0017,2023-01-21 09:00:00,2023-01-21 13:51:26.941732,4.86,266,6,2.44,69.2,OP012,92.6,73.91
PR00481,M011,PART-0033,2023-01-21 21:00:00,2023-01-22 00:48:30.547355,3.81,583,14,2.41,25.7,OP008,84.4,283.19
PR00045,M013,PART-0001,2023-01-22 07:00:00,2023-01-22 11:10:12.594781,4.17,455,9,2.0,35.0,OP007,96.6,218.17
PR00155,M002,PART-0036,2023-01-23 13:00:00,2023-01-23 23:04:54.485667,10.08,1705,53,3.15,23.2,OP002,94.3,1132.51
PR00458,M013,PART-0031,2023-01-24 20:00:00,2023-01-25 05:59:44.742298,10.0,1468,14,1.01,22.1,OP002,78.2,224.27
PR00100,M008,PART-0049,2023-01-25 04:00:00,2023-01-25 07:39:18.902850,3.66,545,20,3.77,23.8,OP008,84.9,136.48
PR00485,M012,PART-0007,2023-01-28 03:00:00,2023-01-28 05:51:00.212763,2.85,225,8,3.63,41.9,OP006,76.5,196.03
PR00053,M011,PART-0034,2023-01-28 09:00:00,2023-01-28 11:09:26.343607,2.16,387,2,0.55,19.4,OP009,87.3,21.47
PR00056,M002,PART-0031,2023-01-31 04:00:00,2023-01-31 13:35:45.090606,9.6,645,14,2.2,49.3,OP002,89.6,266.8
PR00027,M007,PART-0011,2023-01-31 13:00:00,2023-01-31 21:55:39.669255,8.93,580,15,2.59,55.4,OP013,90.8,351.93
PR00111,M014,PART-0016,2023-02-02 03:00:00,2023-02-02 11:25:53.564501,8.43,1098,41,3.78,27.9,OP002,80.6,963.19
PR00075,M013,PART-0001,2023-02-04 03:00:00,2023-02-04 11:28:02.769817,8.47,1236,30,2.44,26.9,OP004,81.0,456.41
PR00295,M015,PART-0016,2023-02-04 12:00:00,2023-02-04 22:17:03.366803,10.28,958,22,2.4,34.0,OP017,92.6,510.38
PR00451,M015,PART-0034,2023-02-05 00:00:00,2023-02-05 04:54:54.604698,4.92,261,10,4.11,54.5,OP011,84.5,118.56
PR00361,M015,PART-0046,2023-02-12 08:00:00,2023-02-12 19:52:18.813495,11.87,2089,67,3.22,20.8,OP010,84.8,1471.05
PR00041,M005,PART-0042,2023-02-14 03:00:00,2023-02-14 09:16:19.220963,6.27,898,18,2.05,20.5,OP013,93.1,204.74
PR00152,M014,PART-0019,2023-02-14 05:00:00,2023-02-14 11:48:11.822308,6.8,406,5,1.27,48.6,OP003,85.9,36.55
PR00222,M001,PART-0023,2023-02-14 05:00:00,2023-02-14 15:25:53.039323,10.43,1254,38,3.08,28.3,OP003,93.0,431.57
PR00290,M011,PART-0021,2023-02-14 20:00:00,2023-02-14 23:18:45.975983,3.31,249,8,3.49,38.7,OP016,85.7,179.34
PR00241,M015,PART-0038,2023-02-14 22:00:00,2023-02-15 07:16:27.313219,9.27,528,17,3.34,66.7,OP019,84.3,285.61
PR00160,M015,PART-0037,2023-02-15 06:00:00,2023-02-15 13:13:32.232376,7.23,945,11,1.17,22.9,OP019,88.4,267.26
PR00330,M011,PART-0049,2023-02-15 20:00:00,2023-02-16 02:24:16.683266,6.4,600,13,2.18,33.0,OP003,77.6,79.18
PR00188,M012,PART-0002,2023-02-15 23:00:00,2023-02-16 06:56:21.266443,7.94,491,16,3.44,58.1,OP002,90.9,213.37
PR00400,M015,PART-0018,2023-02-16 00:00:00,2023-02-16 04:52:05.363557,4.87,289,2,0.85,50.7,OP009,78.0,21.24
PR00297,M011,PART-0004,2023-02-18 10:00:00,2023-02-18 14:43:16.828696,4.72,707,4,0.59,20.6,OP018,75.5,97.79
PR00430,M002,PART-0041,2023-02-18 13:00:00,2023-02-18 23:37:38.318163,10.63,1902,49,2.59,19.1,OP007,81.4,434.84
PR00305,M014,PART-0045,2023-02-18 14:00:00,2023-02-19 01:18:30.556243,11.31,601,20,3.4,55.4,OP018,93.2,150.33
PR00328,M012,PART-0021,2023-02-19 01:00:00,2023-02-19 08:14:32.920162,7.24,666,26,4.0,32.1,OP019,77.1,479.31
PR00346,M011,PART-0050,2023-02-19 09:00:00,2023-02-19 17:52:43.057349,8.88,1581,38,2.42,21.6,OP002,89.0,816.49
PR00432,M008,PART-0002,2023-02-19 10:00:00,2023-02-19 12:25:59.429376,2.43,165,2,1.29,57.1,OP016,86.8,12.83
PR00379,M011,PART-0035,2023-02-19 13:00:00,2023-02-19 18:07:27.863441,5.12,519,18,3.52,36.0,OP003,97.4,362.07
PR00381,M005,PART-0022,2023-02-19 16:00:00,2023-02-20 03:07:43.017984,11.13,1427,66,4.63,24.0,OP011,85.4,369.95
PR00414,M006,PART-0005,2023-02-20 04:00:00,2023-02-20 07:03:44.989623,3.06,506,4,0.96,22.1,OP003,88.1,40.05
PR00264,M010,PART-0041,2023-02-20 04:00:00,2023-02-20 11:12:36.199556,7.21,500,20,4.19,56.2,OP016,85.1,180.68
PR00025,M005,PART-0043,2023-02-22 04:00:00,2023-02-22 14:58:13.539424,10.97,1665,14,0.89,22.6,OP004,79.2,109.37
PR00363,M005,PART-0041,2023-02-22 17:00:00,2023-02-23 02:05:09.134430,9.09,720,4,0.61,36.4,OP004,92.0,36.59
PR00284,M014,PART-0023,2023-02-24 18:00:00,2023-02-25 01:46:06.735231,7.77,1238,49,4.01,19.3,OP011,90.5,722.74
PR00461,M013,PART-0028,2023-02-25 08:00:00,2023-02-25 19:26:02.477908,11.43,1492,55,3.72,25.4,OP012,83.9,288.41
PR00437,M007,PART-0015,2023-02-25 19:00:00,2023-02-26 04:53:43.690741,9.9,895,26,2.99,38.7,OP003,84.5,401.32
PR00008,M006,PART-0022,2023-02-26 08:00:00,2023-02-26 14:00:49.935034,6.01,293,3,1.12,60.0,OP016,86.9,23.94
PR00410,M006,PART-0025,2023-02-28 04:00:00,2023-02-28 07:13:04.444725,3.22,212,6,3.22,45.0,OP019,93.5,52.17
PR00294,M007,PART-0036,2023-03-01 17:00:00,2023-03-02 02:58:03.625819,9.97,1727,40,2.35,18.9,OP014,84.1,330.62
PR00168,M011,PART-0011,2023-03-02 10:00:00,2023-03-02 13:46:33.012990,3.78,630,13,2.07,21.1,OP009,92.2,244.1
PR00374,M014,PART-0048,2023-03-02 22:00:00,2023-03-03 03:19:58.431122,5.33,270,10,3.95,59.0,OP010,75.5,201.7
PR00124,M002,PART-0021,2023-03-03 06:00:00,2023-03-03 08:37:22.183087,2.62,189,3,1.67,43.4,OP013,91.1,59.12
PR00081,M011,PART-0005,2023-03-03 11:00:00,2023-03-03 16:53:18.088093,5.89,527,20,3.89,34.6,OP019,77.3,448.79
PR00487,M013,PART-0026,2023-03-03 16:00:00,2023-03-04 01:33:46.905975,9.56,1318,46,3.5,23.7,OP016,86.8,365.58
PR00420,M015,PART-0032,2023-03-03 17:00:00,2023-03-03 23:53:32.371817,6.89,472,16,3.4,54.5,OP018,97.2,339.77
PR00438,M006,PART-0016,2023-03-04 09:00:00,2023-03-04 19:22:11.604945,10.37,1009,24,2.43,29.8,OP008,82.5,398.14
PR00120,M008,PART-0016,2023-03-04 09:00:00,2023-03-04 20:58:40.336186,11.98,1221,36,2.96,36.0,OP005,75.1,475.23
PR00209,M014,PART-0036,2023-03-05 08:00:00,2023-03-05 11:20:46.896520,3.35,474,18,3.81,20.3,OP014,94.3,263.86
PR00396,M002,PART-0049,2023-03-09 09:00:00,2023-03-09 20:37:02.558988,11.62,685,25,3.79,51.4,OP009,85.7,164.12
PR00359,M011,PART-0025,2023-03-10 13:00:00,2023-03-11 00:18:53.273498,11.31,851,16,1.95,49.3,OP003,92.4,349.86
PR00316,M014,PART-0012,2023-03-11 13:00:00,2023-03-11 21:44:41.732295,8.74,1480,18,1.25,22.6,OP018,84.2,211.5
PR00455,M008,PART-0003,2023-03-12 20:00:00,2023-03-13 02:24:31.990959,6.41,789,23,3.03,25.0,OP011,97.5,183.05
PR00268,M010,PART-0033,2023-03-13 00:00:00,2023-03-13 04:36:39.870204,4.61,675,20,3.01,23.4,OP010,82.8,146.8
PR00131,M005,PART-0028,2023-03-13 11:00:00,2023-03-13 21:13:00.674455,10.22,1463,32,2.22,23.8,OP006,83.1,741.31
PR00377,M007,PART-0029,2023-03-13 17:00:00,2023-03-13 20:42:45.899117,3.71,471,9,2.02,27.9,OP002,78.0,129.73
PR00280,M005,PART-0016,2023-03-14 20:00:00,2023-03-15 07:47:33.808265,11.79,1329,49,3.74,33.3,OP018,84.9,618.27
PR00058,M015,PART-0035,2023-03-16 09:00:00,2023-03-16 13:42:39.421898,4.71,326,5,1.76,52.2,OP019,90.1,42.94
PR00380,M011,PART-0042,2023-03-16 20:00:00,2023-03-16 22:55:44.982276,2.93,410,7,1.9,21.3,OP015,85.8,167.64
PR00468,M011,PART-0024,2023-03-17 11:00:00,2023-03-17 21:41:00.453055,10.68,1995,83,4.18,21.1,OP017,91.9,444.12
PR00260,M010,PART-0036,2023-03-17 13:00:00,2023-03-17 21:07:07.704372,8.12,1258,29,2.36,23.8,OP016,79.1,469.27
PR00473,M006,PART-0045,2023-03-20 05:00:00,2023-03-20 13:53:47.501848,8.9,1725,63,3.71,19.6,OP004,84.6,1469.2
PR00201,M005,PART-0032,2023-03-21 05:00:00,2023-03-21 07:32:44.380148,2.55,218,5,2.61,40.0,OP006,76.7,74.16
PR00076,M012,PART-0050,2023-03-21 06:00:00,2023-03-21 14:52:35.918717,8.88,878,19,2.26,34.0,OP019,90.9,152.28
PR00177,M014,PART-0036,2023-03-21 19:00:00,2023-03-21 23:56:16.225903,4.94,703,11,1.66,21.2,OP006,96.8,252.91
PR00242,M001,PART-0024,2023-03-24 16:00:00,2023-03-24 23:26:04.895661,7.43,1316,52,3.99,19.1,OP013,80.1,1063.03
PR00267,M002,PART-0018,2023-03-25 15:00:00,2023-03-26 00:15:40.993549,9.26,1920,39,2.07,18.7,OP008,88.9,346.73
PR00291,M007,PART-0041,2023-03-26 10:00:00,2023-03-26 13:21:04.136688,3.35,537,17,3.19,19.1,OP019,85.0,302.53
PR00425,M013,PART-0022,2023-03-27 20:00:00,2023-03-28 01:12:57.235893,5.22,558,17,3.17,34.6,OP003,77.8,133.02
PR00491,M012,PART-0008,2023-03-28 00:00:00,2023-03-28 11:31:32.897817,11.53,733,32,4.46,62.1,OP013,85.4,705.84
PR00471,M005,PART-0024,2023-03-28 14:00:00,2023-03-29 00:43:27.952841,10.72,1200,43,3.64,28.3,OP004,87.3,517.4
PR00051,M005,PART-0043,2023-03-29 04:00:00,2023-03-29 15:34:20.528181,11.57,1725,74,4.31,19.6,OP002,92.6,980.34
PR00121,M006,PART-0043,2023-03-29 13:00:00,2023-03-29 21:21:33.906222,8.36,471,2,0.51,69.2,OP013,94.5,39.09
PR00060,M014,PART-0006,2023-03-30 14:00:00,2023-03-30 19:50:18.463707,5.84,514,18,3.6,42.4,OP017,92.1,214.51
PR00456,M011,PART-0032,2023-03-30 19:00:00,2023-03-31 02:20:11.146465,7.34,639,14,2.32,44.4,OP005,96.8,329.79
PR00035,M014,PART-0026,2023-03-30 20:00:00,2023-03-31 04:32:07.227543,8.54,991,49,4.97,25.9,OP017,77.9,1204.15
PR00310,M014,PART-0019,2023-03-31 12:00:00,2023-03-31 15:53:55.300288,3.9,710,8,1.19,20.3,OP011,84.4,91.52
PR00156,M010,PART-0020,2023-04-01 03:00:00,2023-04-01 13:40:08.184493,10.67,1772,27,1.56,21.1,OP003,84.1,596.13
PR00110,M014,PART-0014,2023-04-01 07:00:00,2023-04-01 15:09:37.694004,8.16,814,6,0.86,29.8,OP005,87.3,76.89
PR00500,M002,PART-0015,2023-04-01 18:00:00,2023-04-01 22:52:24.800126,4.87,268,8,3.08,58.1,OP020,92.1,54.71
PR00317,M005,PART-0021,2023-04-02 05:00:00,2023-04-02 11:25:48.438120,6.43,963,28,2.98,25.7,OP012,84.5,494.61
PR00010,M012,PART-0022,2023-04-03 09:00:00,2023-04-03 18:05:14.633032,9.09,1079,6,0.57,28.6,OP004,97.5,100.04
PR00015,M011,PART-0016,2023-04-03 14:00:00,2023-04-03 21:27:45.835893,7.46,858,11,1.37,30.8,OP009,87.8,104.47
PR00335,M013,PART-0046,2023-04-03 22:00:00,2023-04-04 01:51:51.025947,3.86,749,22,3.02,20.2,OP001,75.9,515.8
PR00180,M010,PART-0027,2023-04-04 15:00:00,2023-04-04 21:07:51.861144,6.13,453,6,1.4,40.9,OP019,95.5,148.4
PR00362,M007,PART-0032,2023-04-06 06:00:00,2023-04-06 17:57:00.876080,11.95,1803,58,3.26,25.7,OP017,91.8,867.38
PR00030,M002,PART-0004,2023-04-06 10:00:00,2023-04-06 17:16:54.232467,7.28,851,25,3.04,25.4,OP018,95.8,226.08
PR00311,M002,PART-0007,2023-04-08 03:00:00,2023-04-08 05:40:00.474351,2.67,188,1,0.64,43.4,OP016,79.4,5.64
PR00332,M012,PART-0025,2023-04-08 16:00:00,2023-04-08 23:29:16.801973,7.49,649,22,3.51,41.9,OP019,95.8,341.79
PR00293,M001,PART-0032,2023-04-08 20:00:00,2023-04-09 01:26:19.857021,5.44,888,31,3.59,21.2,OP016,81.9,629.84
PR00215,M001,PART-0018,2023-04-08 21:00:00,2023-04-08 23:15:09.797085,2.25,159,1,0.75,41.4,OP006,97.6,18.67
PR00172,M014,PART-0024,2023-04-09 05:00:00,2023-04-09 10:58:17.491439,5.97,364,18,5.0,47.4,OP018,89.9,309.26
PR00490,M014,PART-0033,2023-04-09 09:00:00,2023-04-09 18:55:38.330948,9.93,890,24,2.74,35.6,OP009,87.5,508.55
PR00078,M006,PART-0021,2023-04-09 09:00:00,2023-04-09 14:28:58.810679,5.48,377,13,3.64,48.6,OP003,81.9,275.65
PR00200,M008,PART-0031,2023-04-10 08:00:00,2023-04-10 16:52:56.699165,8.88,611,23,3.77,48.6,OP012,90.3,410.05
PR00265,M014,PART-0011,2023-04-10 15:00:00,2023-04-10 18:56:50.873804,3.95,678,10,1.54,20.0,OP002,83.3,181.0
PR00252,M005,PART-0047,2023-04-11 12:00:00,2023-04-11 19:59:36.870821,7.99,1537,68,4.45,18.6,OP010,96.8,634.57
PR00248,M006,PART-0039,2023-04-11 12:00:00,2023-04-11 17:31:44.328279,5.53,721,19,2.67,26.1,OP001,86.5,147.81
PR00477,M014,PART-0020,2023-04-13 06:00:00,2023-04-13 08:35:33.548535,2.59,222,1,0.69,45.0,OP001,92.4,20.65
PR00065,M012,PART-0039,2023-04-13 11:00:00,2023-04-13 14:01:58.545384,3.03,197,1,0.92,50.0,OP011,94.9,5.25
PR00212,M015,PART-0036,2023-04-13 15:00:00,2023-04-14 01:25:50.679526,10.43,2097,77,3.7,18.9,OP007,79.6,1346.22
PR00170,M010,PART-0012,2023-04-14 00:00:00,2023-04-14 10:38:46.677484,10.65,521,5,1.1,69.2,OP020,93.4,47.38
PR00394,M011,PART-0028,2023-04-15 11:00:00,2023-04-15 18:31:13.801094,7.52,1135,17,1.52,21.8,OP020,75.2,254.37
PR00494,M005,PART-0044,2023-04-16 23:00:00,2023-04-17 04:54:49.853506,5.91,1017,22,2.2,20.5,OP012,92.6,235.15
PR00344,M005,PART-0031,2023-04-18 05:00:00,2023-04-18 11:41:15.485939,6.69,829,18,2.24,24.8,OP005,78.8,171.46
PR00157,M001,PART-0008,2023-04-18 06:00:00,2023-04-18 17:00:16.382213,11.0,2163,71,3.29,18.4,OP015,79.0,1752.8
PR00479,M005,PART-0038,2023-04-19 01:00:00,2023-04-19 09:07:46.431438,8.13,1413,13,0.95,20.1,OP001,87.2,251.11
PR00350,M002,PART-0009,2023-04-19 21:00:00,2023-04-20 00:47:51.770108,3.8,817,29,3.63,18.1,OP013,84.5,406.51
PR00429,M015,PART-0016,2023-04-20 05:00:00,2023-04-20 16:30:10.730308,11.5,1321,6,0.52,28.3,OP007,77.7,93.62
PR00057,M002,PART-0007,2023-04-20 11:00:00,2023-04-20 19:26:56.660710,8.45,1097,47,4.36,26.9,OP017,96.1,450.98
PR00191,M002,PART-0023,2023-04-21 18:00:00,2023-04-22 02:05:24.065137,8.09,993,48,4.88,30.8,OP014,81.8,277.83
PR00107,M006,PART-0001,2023-04-22 12:00:00,2023-04-22 15:07:38.771854,3.13,548,4,0.82,20.3,OP012,96.5,30.56
PR00164,M007,PART-0029,2023-04-24 02:00:00,2023-04-24 10:50:54.672977,8.85,803,39,4.88,33.3,OP011,81.2,520.08
PR00313,M014,PART-0027,2023-04-24 22:00:00,2023-04-25 04:40:50.129164,6.68,394,15,3.85,55.4,OP012,93.3,92.49
PR00077,M001,PART-0010,2023-04-28 21:00:00,2023-04-29 01:57:15.559939,4.95,293,13,4.73,50.7,OP012,82.2,183.39
PR00417,M015,PART-0004,2023-04-29 21:00:00,2023-04-30 04:40:20.779878,7.67,973,18,1.86,25.5,OP003,83.4,397.2
PR00046,M002,PART-0021,2023-04-30 17:00:00,2023-05-01 01:57:22.546285,8.96,839,13,1.58,35.3,OP010,83.8,203.75
PR00018,M007,PART-0018,2023-04-30 18:00:00,2023-04-30 22:01:14.448259,4.02,662,20,3.03,19.3,OP005,77.5,396.36
PR00012,M013,PART-0003,2023-04-30 19:00:00,2023-05-01 02:14:32.363974,7.24,898,31,3.56,24.5,OP019,96.8,223.14
PR00405,M010,PART-0029,2023-05-03 16:00:00,2023-05-03 19:27:05.393914,3.45,446,20,4.67,22.4,OP013,90.6,484.71
PR00162,M013,PART-0045,2023-05-03 23:00:00,2023-05-04 02:43:19.190214,3.72,480,15,3.24,23.5,OP013,75.9,341.87
PR00253,M013,PART-0050,2023-05-04 09:00:00,2023-05-04 12:42:20.404224,3.71,563,22,4.08,23.2,OP006,89.3,334.75
PR00153,M010,PART-0012,2023-05-04 09:00:00,2023-05-04 19:56:55.589403,10.95,1059,31,2.95,30.8,OP012,95.4,384.03
PR00448,M002,PART-0024,2023-05-05 02:00:00,2023-05-05 09:19:08.561242,7.32,1456,36,2.53,19.4,OP003,79.3,816.46
PR00246,M010,PART-0046,2023-05-05 10:00:00,2023-05-05 20:48:55.871327,10.82,710,13,1.96,60.0,OP017,89.6,136.11
PR00300,M012,PART-0008,2023-05-05 19:00:00,2023-05-05 22:55:18.922545,3.92,467,19,4.23,31.6,OP008,83.9,465.49
PR00179,M002,PART-0031,2023-05-05 23:00:00,2023-05-06 09:39:50.161309,10.66,2067,68,3.29,18.1,OP007,86.5,1519.8
PR00308,M008,PART-0029,2023-05-06 16:00:00,2023-05-07 02:40:35.826238,10.68,1729,49,2.89,18.8,OP010,93.8,775.77
PR00445,M008,PART-0005,2023-05-07 05:00:00,2023-05-07 07:24:31.476057,2.41,293,8,3.01,25.2,OP018,91.3,72.75
PR00080,M010,PART-0026,2023-05-09 17:00:00,2023-05-10 02:58:39.208379,9.98,828,28,3.46,37.1,OP001,92.0,634.53
PR00367,M014,PART-0048,2023-05-10 07:00:00,2023-05-10 17:57:33.429652,10.96,1905,45,2.36,21.4,OP002,94.2,494.41
PR00492,M011,PART-0046,2023-05-10 23:00:00,2023-05-11 01:19:42.952660,2.33,446,17,4.01,18.8,OP006,86.3,130.73
PR00270,M008,PART-0017,2023-05-11 03:00:00,2023-05-11 09:36:25.935893,6.61,1398,37,2.67,18.0,OP003,83.8,768.61
PR00096,M002,PART-0026,2023-05-11 04:00:00,2023-05-11 12:38:29.177550,8.64,1285,52,4.08,25.5,OP007,97.3,1117.84
PR00355,M001,PART-0032,2023-05-11 09:00:00,2023-05-11 19:33:14.798031,10.55,2078,67,3.24,19.0,OP008,80.0,1218.69
PR00112,M002,PART-0012,2023-05-13 05:00:00,2023-05-13 13:05:17.966559,8.09,1043,36,3.46,27.9,OP004,75.3,278.79
PR00351,M005,PART-0021,2023-05-13 06:00:00,2023-05-13 16:57:58.230262,10.97,1179,10,0.91,35.6,OP006,91.5,74.71
PR00442,M001,PART-0041,2023-05-13 10:00:00,2023-05-13 19:43:06.060281,9.72,1272,56,4.42,23.5,OP015,91.2,281.53
PR00125,M008,PART-0007,2023-05-14 16:00:00,2023-05-14 20:20:10.004159,4.34,368,14,3.97,35.6,OP005,77.4,195.88
PR00220,M007,PART-0033,2023-05-16 19:00:00,2023-05-17 06:50:04.319648,11.83,699,8,1.28,52.2,OP004,83.7,108.56
PR00038,M001,PART-0029,2023-05-17 05:00:00,2023-05-17 13:43:12.850927,8.72,472,3,0.7,58.1,OP008,87.4,60.26
PR00285,M015,PART-0011,2023-05-17 22:00:00,2023-05-18 03:48:38.555943,5.81,671,32,4.8,29.3,OP011,84.7,551.88
PR00433,M006,PART-0021,2023-05-18 06:00:00,2023-05-18 13:47:51.423928,7.8,1052,37,3.55,22.9,OP008,92.9,426.34
PR00013,M001,PART-0050,2023-05-20 14:00:00,2023-05-20 20:11:16.090734,6.19,965,22,2.35,23.2,OP020,96.2,494.04
PR00069,M008,PART-0045,2023-05-20 14:00:00,2023-05-20 20:18:22.183954,6.31,471,15,3.21,42.9,OP007,86.0,128.29
PR00061,M002,PART-0039,2023-05-22 17:00:00,2023-05-23 03:23:12.287674,10.39,1396,45,3.26,26.3,OP013,97.3,518.74
PR00229,M015,PART-0030,2023-05-23 04:00:00,2023-05-23 14:10:03.156533,10.17,708,8,1.19,52.9,OP011,75.9,51.72
PR00183,M010,PART-0001,2023-05-26 09:00:00,2023-05-26 14:49:59.391122,5.83,330,12,3.79,61.0,OP011,92.4,187.45
PR00463,M015,PART-0010,2023-05-28 01:00:00,2023-05-28 11:57:51.437756,10.96,979,31,3.19,42.4,OP007,82.0,767.8
PR00476,M002,PART-0049,2023-05-28 02:00:00,2023-05-28 11:37:48.852760,9.63,618,24,3.99,46.2,OP014,76.0,171.75
PR00102,M002,PART-0007,2023-05-29 02:00:00,2023-05-29 05:19:18.305439,3.32,196,1,0.9,52.9,OP004,82.2,22.62
PR00108,M013,PART-0050,2023-05-30 13:00:00,2023-05-30 20:27:48.823962,7.46,721,34,4.8,38.3,OP003,75.4,215.92
PR00049,M015,PART-0016,2023-06-01 15:00:00,2023-06-01 18:31:26.810767,3.52,410,12,3.06,26.9,OP016,87.7,286.43
PR00467,M007,PART-0032,2023-06-01 19:00:00,2023-06-02 01:55:07.914119,6.92,626,24,3.94,32.1,OP003,88.8,293.64
PR00392,M008,PART-0002,2023-06-01 20:00:00,2023-06-02 00:53:04.951382,4.88,336,2,0.82,43.9,OP005,91.6,29.47
PR00364,M013,PART-0001,2023-06-02 11:00:00,2023-06-02 13:27:17.718827,2.45,330,11,3.37,25.9,OP007,90.9,110.97
PR00250,M006,PART-0038,2023-06-02 14:00:00,2023-06-02 23:12:09.203719,9.2,1596,42,2.66,20.8,OP006,89.9,555.16
PR00123,M012,PART-0007,2023-06-03 02:00:00,2023-06-03 12:57:20.805845,10.96,1998,17,0.88,21.6,OP017,78.1,363.79
PR00403,M011,PART-0037,2023-06-03 12:00:00,2023-06-03 16:22:46.107808,4.38,722,9,1.25,22.2,OP012,76.2,92.59
PR00496,M008,PART-0038,2023-06-04 13:00:00,2023-06-04 15:33:52.172887,2.56,251,8,3.42,32.1,OP003,95.9,50.48
PR00342,M010,PART-0009,2023-06-04 15:00:00,2023-06-04 21:25:48.161534,6.43,652,8,1.35,30.0,OP006,75.6,197.75
PR00087,M011,PART-0002,2023-06-05 03:00:00,2023-06-05 09:55:02.131681,6.92,1067,9,0.87,22.1,OP008,81.7,94.47
PR00356,M011,PART-0040,2023-06-05 10:00:00,2023-06-05 12:47:38.577025,2.79,124,3,2.96,70.6,OP018,93.9,27.46
PR00034,M007,PART-0029,2023-06-05 19:00:00,2023-06-06 04:41:22.994253,9.69,1387,62,4.51,22.9,OP013,83.6,1156.59
PR00042,M010,PART-0015,2023-06-05 20:00:00,2023-06-06 00:59:55.985800,5.0,497,13,2.63,37.1,OP010,94.7,102.53
PR00207,M015,PART-0026,2023-06-05 21:00:00,2023-06-06 01:32:34.415205,4.54,388,18,4.69,36.0,OP007,85.5,371.31
PR00126,M008,PART-0008,2023-06-06 21:00:00,2023-06-07 04:21:33.283767,7.36,709,18,2.59,35.0,OP003,78.6,336.98
PR00095,M002,PART-0038,2023-06-08 08:00:00,2023-06-08 17:29:52.885783,9.5,1280,34,2.7,25.0,OP001,95.0,746.07
PR00196,M002,PART-0031,2023-06-09 12:00:00,2023-06-09 23:37:23.157485,11.62,1453,52,3.6,30.3,OP014,89.9,1088.79
PR00277,M008,PART-0030,2023-06-13 03:00:00,2023-06-13 12:45:32.542699,9.76,1781,64,3.64,21.6,OP011,90.9,335.13
PR00338,M008,PART-0041,2023-06-13 03:00:00,2023-06-13 06:22:21.384339,3.37,474,16,3.55,24.5,OP008,84.6,263.33
PR00233,M005,PART-0047,2023-06-14 07:00:00,2023-06-14 11:56:59.224895,4.95,378,16,4.49,41.9,OP012,97.0,83.57
PR00388,M007,PART-0020,2023-06-15 05:00:00,2023-06-15 12:46:45.530936,7.78,670,29,4.45,36.0,OP019,93.3,539.14
PR00493,M015,PART-0044,2023-06-15 09:00:00,2023-06-15 18:38:24.400968,9.64,1884,65,3.47,18.5,OP018,88.2,943.68
PR00312,M014,PART-0046,2023-06-16 03:00:00,2023-06-16 09:53:56.746965,6.9,646,9,1.49,31.3,OP003,75.3,210.79
PR00218,M010,PART-0048,2023-06-16 11:00:00,2023-06-16 22:34:01.270920,11.57,1638,12,0.74,27.7,OP009,79.7,268.52
PR00137,M013,PART-0048,2023-06-16 13:00:00,2023-06-17 00:21:07.417155,11.35,910,28,3.17,38.3,OP012,96.0,155.8
PR00066,M010,PART-0037,2023-06-16 22:00:00,2023-06-17 07:14:54.378385,9.25,1912,93,4.9,18.7,OP017,78.9,1173.16
PR00315,M012,PART-0036,2023-06-17 18:00:00,2023-06-17 21:55:52.300123,3.93,431,20,4.76,31.9,OP018,84.5,142.21
PR00085,M013,PART-0012,2023-06-18 11:00:00,2023-06-18 14:51:27.133175,3.86,727,24,3.4,19.3,OP018,78.8,258.64
PR00134,M001,PART-0037,2023-06-19 02:00:00,2023-06-19 07:35:28.035954,5.59,1093,22,2.05,19.0,OP017,82.4,228.99
PR00103,M005,PART-0040,2023-06-19 20:00:00,2023-06-20 04:24:56.741347,8.42,593,17,3.03,41.9,OP006,85.1,330.63
PR00226,M008,PART-0034,2023-06-19 21:00:00,2023-06-20 02:51:31.533652,5.86,1120,6,0.61,19.1,OP012,86.8,91.05
PR00278,M006,PART-0036,2023-06-20 06:00:00,2023-06-20 09:00:26.921741,3.01,420,7,1.67,25.4,OP009,80.5,100.99
PR00017,M012,PART-0046,2023-06-20 12:00:00,2023-06-20 22:11:01.588565,10.18,785,14,1.79,41.4,OP003,83.0,193.87
PR00147,M011,PART-0037,2023-06-21 13:00:00,2023-06-21 20:27:36.862836,7.46,586,23,4.05,48.0,OP008,78.7,148.91
PR00073,M010,PART-0045,2023-06-21 22:00:00,2023-06-22 04:29:26.401950,6.49,1088,31,2.9,20.9,OP014,87.5,645.25
PR00259,M001,PART-0028,2023-06-22 04:00:00,2023-06-22 08:03:15.073062,4.05,486,4,0.98,27.7,OP019,80.8,88.4
PR00427,M013,PART-0006,2023-06-22 19:00:00,2023-06-22 21:09:22.691746,2.16,309,1,0.53,20.7,OP019,95.4,13.32
PR00029,M013,PART-0014,2023-06-23 11:00:00,2023-06-23 20:01:09.866167,9.02,1575,64,4.11,21.2,OP008,90.6,1082.64
PR00299,M011,PART-0010,2023-06-24 10:00:00,2023-06-24 18:58:09.652900,8.97,467,20,4.3,62.1,OP002,81.1,256.97
PR00048,M006,PART-0002,2023-06-25 14:00:00,2023-06-25 20:08:21.486141,6.14,1261,48,3.84,18.6,OP009,87.7,800.67
PR00044,M011,PART-0039,2023-06-25 22:00:00,2023-06-26 05:21:22.879308,7.36,587,12,2.2,36.7,OP020,75.9,77.47
PR00089,M012,PART-0014,2023-06-27 07:00:00,2023-06-27 17:13:33.993401,10.23,630,15,2.49,60.0,OP014,77.4,324.02
PR00329,M010,PART-0020,2023-06-27 13:00:00,2023-06-27 16:54:17.630696,3.9,527,3,0.61,26.1,OP006,97.7,51.97
PR00082,M005,PART-0034,2023-06-27 14:00:00,2023-06-27 17:58:14.673905,3.97,275,12,4.38,45.6,OP011,88.7,206.71
PR00287,M011,PART-0002,2023-06-29 01:00:00,2023-06-29 08:52:09.111847,7.87,1199,15,1.33,21.8,OP005,91.7,273.61
PR00334,M014,PART-0046,2023-06-30 21:00:00,2023-06-30 23:11:26.819662,2.19,281,6,2.21,24.3,OP004,95.8,88.16
PR00115,M012,PART-0050,2023-06-30 23:00:00,2023-07-01 05:59:45.960207,7.0,1159,13,1.21,18.5,OP004,95.6,240.27
PR00198,M010,PART-0027,2023-07-01 05:00:00,2023-07-01 07:17:17.384265,2.29,179,4,2.7,43.4,OP015,76.1,40.93
PR00237,M008,PART-0013,2023-07-02 20:00:00,2023-07-03 04:42:46.640368,8.71,795,26,3.29,32.7,OP011,86.2,300.74
PR00470,M014,PART-0013,2023-07-02 23:00:00,2023-07-03 03:53:54.823114,4.9,898,7,0.85,19.5,OP006,92.6,118.83
PR00138,M015,PART-0032,2023-07-04 06:00:00,2023-07-04 13:38:09.833524,7.64,1606,68,4.27,18.6,OP018,82.1,1006.99
PR00447,M008,PART-0023,2023-07-04 16:00:00,2023-07-04 23:02:08.374997,7.04,981,7,0.79,22.8,OP015,86.2,108.74
PR00091,M015,PART-0014,2023-07-05 02:00:00,2023-07-05 10:06:09.424894,8.1,1094,12,1.13,22.6,OP007,93.5,196.82
PR00105,M010,PART-0016,2023-07-05 11:00:00,2023-07-05 16:08:42.132055,5.15,382,12,3.4,42.4,OP018,88.8,233.08
PR00462,M008,PART-0029,2023-07-05 15:00:00,2023-07-06 02:46:30.850616,11.78,1877,70,3.78,18.7,OP014,93.5,754.09
PR00409,M011,PART-0006,2023-07-05 17:00:00,2023-07-06 02:15:09.023617,9.25,904,5,0.61,31.6,OP002,96.6,90.66
PR00235,M015,PART-0040,2023-07-08 18:00:00,2023-07-09 00:07:35.561857,6.13,934,12,1.33,19.9,OP009,79.5,103.53
PR00389,M010,PART-0019,2023-07-08 22:00:00,2023-07-09 05:49:38.171202,7.83,1297,13,1.07,20.0,OP002,83.5,207.71
PR00176,M006,PART-0043,2023-07-09 01:00:00,2023-07-09 10:08:01.294411,9.13,1684,44,2.64,19.4,OP012,86.7,963.97
PR00279,M013,PART-0024,2023-07-09 13:00:00,2023-07-09 16:50:20.892271,3.84,523,19,3.65,22.8,OP012,94.6,201.26
PR00206,M001,PART-0007,2023-07-10 13:00:00,2023-07-10 23:17:55.819883,10.3,1231,26,2.18,29.0,OP002,95.6,386.06
PR00149,M002,PART-0042,2023-07-11 05:00:00,2023-07-11 16:51:09.939605,11.85,2073,50,2.44,20.8,OP006,89.0,684.2
PR00369,M001,PART-0039,2023-07-11 12:00:00,2023-07-11 20:15:54.390514,8.27,738,16,2.25,39.1,OP004,94.9,320.49
PR00208,M015,PART-0038,2023-07-11 21:00:00,2023-07-12 06:34:17.376305,9.57,629,26,4.27,59.0,OP004,92.8,364.26
PR00023,M002,PART-0009,2023-07-13 15:00:00,2023-07-13 21:32:36.566814,6.54,1183,53,4.5,19.0,OP017,85.8,469.38
PR00464,M012,PART-0018,2023-07-13 22:00:00,2023-07-14 09:19:53.507845,11.33,1367,32,2.34,24.7,OP014,79.0,455.76
PR00336,M007,PART-0023,2023-07-14 09:00:00,2023-07-14 14:56:02.393442,5.93,430,15,3.58,40.0,OP010,80.4,368.47
PR00224,M014,PART-0031,2023-07-15 14:00:00,2023-07-15 19:36:28.721688,5.61,638,20,3.28,34.3,OP018,93.9,492.45
PR00202,M006,PART-0016,2023-07-15 16:00:00,2023-07-15 18:30:12.625723,2.5,258,5,2.2,33.6,OP003,85.6,105.13
PR00024,M002,PART-0022,2023-07-15 19:00:00,2023-07-16 04:18:40.292417,9.31,1087,6,0.56,31.3,OP010,88.1,120.87
PR00003,M005,PART-0033,2023-07-17 06:00:00,2023-07-17 15:12:40.623438,9.21,928,25,2.74,36.7,OP015,86.5,279.27
PR00452,M014,PART-0020,2023-07-17 09:00:00,2023-07-17 16:56:00.861182,7.93,1544,38,2.5,19.5,OP019,78.0,789.9
PR00318,M015,PART-0048,2023-07-19 05:00:00,2023-07-19 09:24:26.012021,4.41,719,28,3.95,19.0,OP009,83.3,393.35
PR00412,M014,PART-0025,2023-07-19 16:00:00,2023-07-19 19:37:10.777139,3.62,217,1,0.78,52.9,OP011,97.9,10.16
PR00140,M005,PART-0008,2023-07-19 23:00:00,2023-07-20 01:13:08.864265,2.22,448,5,1.14,18.0,OP017,94.8,121.06
PR00021,M007,PART-0048,2023-07-20 15:00:00,2023-07-20 23:27:32.325044,8.46,606,9,1.54,50.0,OP002,96.0,76.51
PR00001,M015,PART-0024,2023-07-21 01:00:00,2023-07-21 12:52:48.841301,11.88,1791,19,1.09,26.1,OP017,87.9,216.26
PR00135,M001,PART-0034,2023-07-21 05:00:00,2023-07-21 09:11:24.726771,4.19,414,20,4.96,29.8,OP012,92.6,499.84
PR00070,M010,PART-0021,2023-07-21 15:00:00,2023-07-22 00:20:55.477156,9.35,1783,71,4.02,20.6,OP013,81.4,1470.93
PR00145,M008,PART-0047,2023-07-21 19:00:00,2023-07-22 03:21:42.723729,8.36,630,22,3.52,50.0,OP011,85.3,226.69
PR00391,M014,PART-0012,2023-07-22 02:00:00,2023-07-22 07:49:40.426134,5.83,797,11,1.45,24.5,OP016,78.2,177.19
PR00306,M006,PART-0013,2023-07-22 07:00:00,2023-07-22 16:53:08.225728,9.89,1421,35,2.47,26.1,OP001,90.9,425.72
PR00142,M014,PART-0023,2023-07-22 19:00:00,2023-07-23 04:04:18.585165,9.07,1764,82,4.68,18.7,OP008,90.3,1745.7
PR00341,M005,PART-0010,2023-07-22 22:00:00,2023-07-23 05:34:24.250731,7.57,518,22,4.28,45.0,OP001,92.6,497.26
PR00370,M015,PART-0024,2023-07-23 02:00:00,2023-07-23 04:18:58.615770,2.32,296,13,4.45,23.2,OP015,94.1,143.68
PR00181,M005,PART-0012,2023-07-23 02:00:00,2023-07-23 05:48:12.843688,3.8,251,8,3.34,51.4,OP011,89.6,40.75
PR00086,M005,PART-0013,2023-07-23 10:00:00,2023-07-23 18:11:38.759236,8.19,1254,33,2.68,25.5,OP013,97.2,498.59
PR00347,M015,PART-0046,2023-07-24 12:00:00,2023-07-24 20:06:54.175488,8.12,1555,44,2.86,18.4,OP002,87.0,617.42
PR00028,M015,PART-0009,2023-07-25 02:00:00,2023-07-25 05:10:26.966850,3.17,361,5,1.49,28.8,OP016,78.5,99.77
PR00339,M010,PART-0038,2023-07-25 05:00:00,2023-07-25 10:17:34.250581,5.29,835,28,3.44,19.1,OP018,90.7,253.29
PR00119,M007,PART-0037,2023-07-25 14:00:00,2023-07-25 16:51:49.878808,2.86,381,5,1.4,21.7,OP010,92.0,49.26
PR00340,M005,PART-0050,2023-07-26 02:00:00,2023-07-26 11:03:04.909960,9.05,1786,43,2.44,19.6,OP005,90.1,700.77
PR00292,M012,PART-0024,2023-07-26 13:00:00,2023-07-26 19:48:59.460577,6.82,766,19,2.49,33.3,OP014,81.0,210.36
PR00143,M010,PART-0045,2023-07-27 01:00:00,2023-07-27 09:53:05.943826,8.88,621,3,0.51,43.9,OP019,84.0,74.66
PR00365,M002,PART-0022,2023-07-27 15:00:00,2023-07-27 22:04:00.826575,7.07,960,9,1.01,27.3,OP011,84.1,147.41
PR00354,M010,PART-0009,2023-07-27 15:00:00,2023-07-28 00:18:05.822896,9.3,1352,17,1.31,22.0,OP007,75.1,345.23
PR00047,M008,PART-0047,2023-07-27 16:00:00,2023-07-27 21:35:47.206247,5.6,930,38,4.11,20.3,OP016,92.5,433.38
PR00238,M014,PART-0028,2023-07-28 02:00:00,2023-07-28 09:50:30.117582,7.84,1475,60,4.13,18.6,OP006,75.1,595.41
PR00171,M013,PART-0023,2023-07-28 02:00:00,2023-07-28 13:40:12.879961,11.67,1298,28,2.19,30.0,OP015,80.8,401.35
PR00240,M008,PART-0018,2023-07-28 09:00:00,2023-07-28 16:31:00.185742,7.52,702,6,0.87,38.3,OP005,95.5,53.57
PR00399,M013,PART-0011,2023-07-29 01:00:00,2023-07-29 10:51:00.775986,9.85,935,24,2.63,31.0,OP019,76.2,595.38
PR00371,M012,PART-0029,2023-07-30 19:00:00,2023-07-30 22:07:20.325802,3.12,190,8,4.61,61.0,OP017,75.6,117.23
PR00282,M011,PART-0011,2023-07-31 16:00:00,2023-07-31 23:37:16.984275,7.62,1210,11,0.95,18.5,OP002,80.0,110.94
PR00323,M014,PART-0050,2023-07-31 23:00:00,2023-08-01 08:18:28.417030,9.31,1676,67,4.01,18.3,OP011,83.0,1429.97
PR00174,M014,PART-0039,2023-08-01 18:00:00,2023-08-01 21:29:57.454669,3.5,415,17,4.12,32.4,OP013,90.2,316.46
PR00090,M006,PART-0008,2023-08-01 23:00:00,2023-08-02 05:29:50.364342,6.5,956,8,0.89,25.9,OP008,79.8,158.02
PR00063,M013,PART-0041,2023-08-02 17:00:00,2023-08-03 02:07:51.907176,9.13,570,12,2.21,50.7,OP005,92.0,136.0
PR00148,M001,PART-0025,2023-08-04 00:00:00,2023-08-04 05:11:13.808686,5.19,324,4,1.27,47.4,OP006,91.8,63.76
PR00360,M002,PART-0014,2023-08-04 09:00:00,2023-08-04 12:20:43.648407,3.35,360,8,2.36,30.0,OP007,89.1,57.49
PR00243,M015,PART-0001,2023-08-05 20:00:00,2023-08-06 02:38:49.241118,6.65,989,21,2.14,20.0,OP008,94.5,443.75
PR00016,M007,PART-0047,2023-08-06 02:00:00,2023-08-06 06:04:22.000615,4.07,637,13,2.07,20.6,OP009,81.6,214.1
PR00088,M012,PART-0036,2023-08-06 19:00:00,2023-08-07 04:48:26.647107,9.81,1945,76,3.95,18.6,OP017,77.6,553.59
PR00349,M007,PART-0034,2023-08-07 10:00:00,2023-08-07 13:39:53.517661,3.66,450,3,0.75,28.8,OP005,85.7,53.77
PR00092,M012,PART-0037,2023-08-10 05:00:00,2023-08-10 12:23:15.667658,7.39,1066,19,1.82,27.3,OP009,96.9,290.48
PR00132,M007,PART-0042,2023-08-10 10:00:00,2023-08-10 20:50:03.256760,10.83,618,20,3.28,62.1,OP010,86.5,453.11
PR00276,M012,PART-0028,2023-08-10 12:00:00,2023-08-10 16:13:15.340191,4.22,697,19,2.87,18.3,OP016,96.6,107.37
PR00460,M006,PART-0006,2023-08-11 18:00:00,2023-08-11 20:13:31.751269,2.23,438,15,3.55,19.3,OP017,84.1,222.14
PR00337,M012,PART-0002,2023-08-12 23:00:00,2023-08-13 07:15:28.525094,8.26,1313,54,4.17,24.2,OP018,96.8,513.63
PR00062,M014,PART-0012,2023-08-14 10:00:00,2023-08-14 16:54:21.724420,6.91,940,20,2.19,25.5,OP019,90.2,134.28
PR00190,M012,PART-0033,2023-08-15 05:00:00,2023-08-15 13:03:22.836129,8.06,633,28,4.54,42.4,OP020,77.7,203.85
PR00097,M011,PART-0032,2023-08-16 14:00:00,2023-08-17 00:17:00.370214,10.28,1348,14,1.09,26.5,OP011,95.6,283.43
PR00067,M005,PART-0027,2023-08-16 15:00:00,2023-08-16 19:41:02.644697,4.68,333,8,2.46,41.4,OP010,86.1,52.31
PR00298,M007,PART-0032,2023-08-16 20:00:00,2023-08-17 05:09:07.053920,9.15,413,4,1.18,69.2,OP007,82.9,44.93
PR00343,M013,PART-0002,2023-08-17 05:00:00,2023-08-17 12:40:13.551346,7.67,818,12,1.54,33.0,OP012,76.8,247.16
PR00314,M013,PART-0014,2023-08-17 08:00:00,2023-08-17 10:24:23.513482,2.41,171,1,0.85,52.9,OP017,77.2,19.5
PR00055,M008,PART-0045,2023-08-17 12:00:00,2023-08-17 14:47:24.692777,2.79,400,6,1.59,23.5,OP008,81.9,129.37
PR00221,M012,PART-0010,2023-08-18 20:00:00,2023-08-18 23:36:33.438591,3.61,332,8,2.6,31.3,OP002,78.5,91.62
PR00247,M015,PART-0038,2023-08-19 06:00:00,2023-08-19 13:26:36.602235,7.44,638,14,2.2,38.3,OP003,86.9,175.37
PR00453,M005,PART-0023,2023-08-20 17:00:00,2023-08-20 23:50:32.752053,6.84,867,6,0.71,29.3,OP010,85.5,49.96
PR00269,M012,PART-0025,2023-08-22 07:00:00,2023-08-22 17:07:53.304586,10.13,1746,43,2.49,18.3,OP019,86.1,424.22
PR00050,M008,PART-0023,2023-08-22 09:00:00,2023-08-22 20:39:54.297621,11.67,1915,72,3.8,20.6,OP006,78.2,1147.03
PR00407,M002,PART-0047,2023-08-23 04:00:00,2023-08-23 11:50:30.366019,7.84,1359,52,3.87,21.4,OP019,92.7,800.75
PR00261,M011,PART-0043,2023-08-24 15:00:00,2023-08-24 22:46:35.441511,7.78,1198,52,4.35,23.8,OP004,92.2,724.46
PR00230,M005,PART-0029,2023-08-25 07:00:00,2023-08-25 09:42:15.915320,2.7,313,7,2.33,33.3,OP013,85.0,37.36
PR00307,M005,PART-0032,2023-08-25 23:00:00,2023-08-26 05:51:10.876794,6.85,1074,31,2.94,22.2,OP007,88.0,492.04
PR00274,M006,PART-0043,2023-08-26 05:00:00,2023-08-26 10:33:36.985440,5.56,357,3,0.85,46.8,OP016,89.1,60.85
PR00026,M008,PART-0022,2023-08-27 00:00:00,2023-08-27 04:36:28.269974,4.61,473,8,1.7,32.7,OP010,88.4,131.66
PR00068,M007,PART-0001,2023-08-27 01:00:00,2023-08-27 09:15:01.212760,8.25,773,8,1.11,36.0,OP013,82.6,139.23
PR00348,M001,PART-0041,2023-08-28 08:00:00,2023-08-28 15:22:43.289164,7.38,428,12,2.82,60.0,OP002,79.4,165.49
PR00423,M001,PART-0020,2023-08-29 02:00:00,2023-08-29 10:29:16.311088,8.49,383,2,0.72,67.9,OP004,85.5,16.83
PR00019,M006,PART-0007,2023-08-29 23:00:00,2023-08-30 07:41:54.022736,8.7,1396,21,1.55,19.5,OP014,82.6,303.41
PR00441,M007,PART-0046,2023-08-31 04:00:00,2023-08-31 15:59:22.259734,11.99,611,11,1.87,66.7,OP015,94.7,219.4
PR00446,M008,PART-0045,2023-08-31 07:00:00,2023-08-31 10:08:08.076438,3.14,550,21,3.89,20.9,OP007,92.3,424.57
PR00434,M002,PART-0031,2023-09-01 01:00:00,2023-09-01 07:07:33.436465,6.13,564,8,1.49,35.6,OP019,86.1,182.48
PR00395,M015,PART-0003,2023-09-01 02:00:00,2023-09-01 09:01:02.236977,7.02,1172,36,3.09,23.2,OP002,88.1,687.52
PR00040,M008,PART-0004,2023-09-01 15:00:00,2023-09-02 01:45:45.299598,10.76,1706,31,1.85,19.7,OP018,96.8,700.42
PR00402,M015,PART-0006,2023-09-02 09:00:00,2023-09-02 12:48:29.130871,3.81,745,15,2.04,19.5,OP005,88.7,321.52
PR00385,M015,PART-0032,2023-09-02 19:00:00,2023-09-03 03:37:34.041249,8.63,608,22,3.7,52.2,OP004,88.6,313.68
PR00258,M011,PART-0046,2023-09-03 22:00:00,2023-09-04 02:49:57.600048,4.83,842,11,1.35,19.0,OP001,88.3,80.92
PR00052,M014,PART-0004,2023-09-04 22:00:00,2023-09-05 07:04:18.104293,9.07,408,10,2.55,69.2,OP020,89.7,236.78
PR00249,M005,PART-0024,2023-09-05 22:00:00,2023-09-06 05:08:43.485833,7.15,746,10,1.34,29.8,OP020,91.5,73.67
PR00116,M002,PART-0003,2023-09-06 01:00:00,2023-09-06 08:05:17.695857,7.09,457,2,0.56,59.0,OP016,83.4,46.81
PR00219,M011,PART-0039,2023-09-07 04:00:00,2023-09-07 13:02:46.646480,9.05,1337,39,2.96,25.0,OP007,92.9,947.15
PR00217,M012,PART-0045,2023-09-08 01:00:00,2023-09-08 09:28:16.299996,8.47,1099,44,4.03,24.2,OP010,90.9,261.34
PR00205,M001,PART-0029,2023-09-08 10:00:00,2023-09-08 15:19:11.014520,5.32,923,19,2.13,21.1,OP004,77.2,345.39
PR00466,M011,PART-0041,2023-09-09 00:00:00,2023-09-09 09:54:43.903707,9.91,775,37,4.8,40.4,OP016,77.9,677.78
PR00326,M002,PART-0031,2023-09-09 11:00:00,2023-09-09 15:53:52.189050,4.9,620,12,2.01,24.0,OP019,92.1,191.56
PR00033,M001,PART-0004,2023-09-11 06:00:00,2023-09-11 08:43:49.062933,2.73,389,3,0.79,22.8,OP003,97.7,43.32
PR00303,M014,PART-0018,2023-09-11 21:00:00,2023-09-12 01:21:34.770160,4.36,629,7,1.25,22.4,OP019,77.8,145.48
PR00435,M005,PART-0013,2023-09-12 05:00:00,2023-09-12 11:32:59.671413,6.55,890,22,2.56,24.2,OP012,97.4,198.97
PR00109,M007,PART-0033,2023-09-12 23:00:00,2023-09-13 10:13:32.854402,11.23,1613,53,3.33,23.8,OP014,84.7,691.41
PR00187,M005,PART-0042,2023-09-14 01:00:00,2023-09-14 03:13:08.877794,2.22,337,7,2.15,20.1,OP002,83.6,124.64
PR00375,M014,PART-0029,2023-09-15 14:00:00,2023-09-15 18:00:19.998441,4.01,435,8,1.94,29.3,OP004,81.3,65.2
PR00182,M007,PART-0006,2023-09-15 19:00:00,2023-09-16 02:45:46.040967,7.76,661,26,3.94,40.0,OP005,89.1,459.41
PR00192,M011,PART-0006,2023-09-16 02:00:00,2023-09-16 13:19:52.476407,11.33,1321,7,0.56,26.9,OP004,94.2,128.66
PR00444,M013,PART-0044,2023-09-16 03:00:00,2023-09-16 05:48:34.525496,2.81,387,2,0.75,26.7,OP012,95.4,14.44
PR00478,M013,PART-0010,2023-09-17 06:00:00,2023-09-17 17:00:42.295218,11.01,1069,6,0.63,37.1,OP009,96.8,71.74
PR00122,M002,PART-0010,2023-09-17 08:00:00,2023-09-17 19:49:52.166708,11.83,1760,13,0.77,22.9,OP009,77.1,304.53
PR00499,M014,PART-0028,2023-09-17 14:00:00,2023-09-17 20:58:02.330284,6.97,805,14,1.85,26.5,OP007,86.4,307.25
PR00450,M005,PART-0035,2023-09-18 08:00:00,2023-09-18 19:31:15.771607,11.52,562,27,4.86,65.5,OP005,85.9,361.87
PR00099,M010,PART-0018,2023-09-19 02:00:00,2023-09-19 13:05:38.659715,11.09,1194,56,4.7,28.3,OP003,90.1,560.44
PR00486,M008,PART-0047,2023-09-20 05:00:00,2023-09-20 15:26:25.062036,10.44,1336,57,4.27,23.5,OP016,81.4,1098.38
PR00158,M006,PART-0041,2023-09-24 20:00:00,2023-09-24 22:25:36.332423,2.43,186,4,2.46,51.4,OP005,94.2,40.63
PR00484,M010,PART-0001,2023-09-26 22:00:00,2023-09-27 08:56:51.167293,10.95,2025,43,2.15,21.1,OP016,90.5,555.88
PR00223,M006,PART-0026,2023-09-28 08:00:00,2023-09-28 10:40:54.352888,2.68,406,11,2.94,20.1,OP003,83.0,249.35
PR00273,M007,PART-0048,2023-09-29 01:00:00,2023-09-29 09:49:51.863107,8.83,821,11,1.4,36.7,OP008,95.1,100.49
PR00413,M007,PART-0032,2023-10-01 10:00:00,2023-10-01 12:41:38.345328,2.69,267,3,1.3,35.6,OP004,78.3,61.12
PR00210,M012,PART-0039,2023-10-02 02:00:00,2023-10-02 09:47:07.957885,7.79,530,18,3.46,43.9,OP011,86.6,228.48
PR00366,M001,PART-0031,2023-10-03 18:00:00,2023-10-03 23:18:18.533955,5.31,776,20,2.66,26.5,OP002,89.9,292.6
PR00128,M007,PART-0007,2023-10-04 00:00:00,2023-10-04 11:31:15.477846,11.52,1837,54,2.98,21.8,OP015,77.3,1127.31
PR00480,M007,PART-0046,2023-10-05 07:00:00,2023-10-05 09:02:35.841433,2.04,165,7,4.64,48.0,OP016,83.4,117.51
PR00195,M014,PART-0047,2023-10-05 14:00:00,2023-10-05 19:34:30.986553,5.58,981,16,1.71,22.2,OP003,83.6,189.67
PR00333,M007,PART-0001,2023-10-05 23:00:00,2023-10-06 03:50:24.487478,4.84,469,16,3.45,30.3,OP003,83.9,166.82
PR00426,M010,PART-0003,2023-10-06 02:00:00,2023-10-06 07:41:57.384362,5.7,488,22,4.67,39.1,OP005,77.3,482.84
PR00185,M007,PART-0034,2023-10-07 22:00:00,2023-10-08 08:14:18.377868,10.24,1399,35,2.55,28.6,OP020,87.1,478.57
PR00469,M007,PART-0023,2023-10-09 06:00:00,2023-10-09 08:35:06.374184,2.59,317,11,3.62,27.5,OP006,76.2,134.46
PR00113,M001,PART-0017,2023-10-09 09:00:00,2023-10-09 20:31:48.583263,11.53,2015,84,4.2,19.7,OP006,83.6,1679.62
PR00262,M015,PART-0040,2023-10-10 21:00:00,2023-10-11 01:08:40.493095,4.14,652,26,4.1,23.7,OP002,78.7,631.58
PR00302,M008,PART-0041,2023-10-11 04:00:00,2023-10-11 13:16:56.534805,9.28,1686,27,1.64,18.9,OP010,79.6,614.26
PR00384,M012,PART-0028,2023-10-11 09:00:00,2023-10-11 14:50:17.392516,5.84,689,24,3.62,26.3,OP014,88.0,284.26
PR00372,M012,PART-0050,2023-10-14 18:00:00,2023-10-14 23:24:04.172553,5.4,952,27,2.86,20.8,OP011,78.3,605.77
PR00104,M014,PART-0007,2023-10-15 11:00:00,2023-10-15 19:09:38.736454,8.16,1407,12,0.89,22.1,OP005,92.3,201.5
PR00422,M012,PART-0042,2023-10-16 01:00:00,2023-10-16 08:47:36.445643,7.79,429,4,1.14,52.9,OP001,85.8,93.44
PR00439,M013,PART-0031,2023-10-16 06:00:00,2023-10-16 16:58:57.064595,10.98,1874,12,0.68,23.1,OP017,75.8,187.47
PR00281,M005,PART-0041,2023-10-16 09:00:00,2023-10-16 19:03:24.061016,10.06,885,9,1.11,37.9,OP017,87.3,101.83
PR00325,M013,PART-0026,2023-10-16 14:00:00,2023-10-16 21:01:26.457976,7.02,629,22,3.53,34.0,OP015,92.3,363.11
PR00031,M012,PART-0046,2023-10-16 19:00:00,2023-10-17 00:16:52.234959,5.28,901,32,3.56,19.7,OP019,86.2,735.29
PR00331,M013,PART-0022,2023-10-17 15:00:00,2023-10-17 17:08:14.398537,2.14,148,3,2.62,46.2,OP007,92.0,27.71
PR00357,M005,PART-0037,2023-10-17 23:00:00,2023-10-18 07:31:57.967616,8.53,424,2,0.65,61.0,OP020,81.9,46.82
PR00234,M012,PART-0006,2023-10-20 21:00:00,2023-10-20 23:25:03.833057,2.42,463,13,2.92,18.4,OP010,79.8,257.77
PR00039,M001,PART-0021,2023-10-21 08:00:00,2023-10-21 19:56:05.403885,11.93,1359,51,3.79,33.0,OP019,88.8,940.98
PR00009,M012,PART-0048,2023-10-21 14:00:00,2023-10-22 01:18:49.274479,11.31,1257,62,4.96,27.5,OP010,88.7,939.07
PR00321,M005,PART-0020,2023-10-22 16:00:00,2023-10-22 21:40:14.984149,5.67,987,16,1.65,18.1,OP003,88.1,262.1
PR00465,M013,PART-0020,2023-10-22 18:00:00,2023-10-22 21:51:36.231052,3.86,503,13,2.71,24.5,OP019,82.0,210.41
PR00020,M014,PART-0031,2023-10-23 00:00:00,2023-10-23 11:38:42.675620,11.65,966,45,4.71,40.0,OP016,90.0,905.32
PR00393,M010,PART-0045,2023-10-23 22:00:00,2023-10-24 01:22:19.929658,3.37,556,25,4.52,23.1,OP020,96.4,436.62
PR00084,M014,PART-0010,2023-10-24 14:00:00,2023-10-24 17:10:43.019496,3.18,339,7,2.18,28.1,OP017,83.9,118.5
PR00186,M014,PART-0026,2023-10-24 14:00:00,2023-10-25 01:57:41.000929,11.96,1900,25,1.35,20.6,OP001,80.3,488.58
PR00197,M002,PART-0031,2023-10-25 02:00:00,2023-10-25 11:15:50.800035,9.26,692,31,4.6,40.0,OP019,90.6,267.38
PR00474,M002,PART-0029,2023-10-26 00:00:00,2023-10-26 06:47:42.656275,6.8,882,9,1.13,27.9,OP020,87.0,219.62
PR00189,M010,PART-0001,2023-10-29 07:00:00,2023-10-29 11:31:38.578551,4.53,347,12,3.59,40.4,OP010,84.7,84.24
PR00482,M008,PART-0019,2023-10-29 10:00:00,2023-10-29 13:06:11.381804,3.1,247,5,2.13,42.9,OP018,91.6,33.22
PR00002,M011,PART-0025,2023-10-30 16:00:00,2023-10-30 22:29:45.456432,6.5,463,8,1.81,41.9,OP020,84.6,194.03
PR00118,M008,PART-0003,2023-10-31 08:00:00,2023-10-31 16:43:59.725802,8.73,469,19,4.12,57.1,OP013,76.6,271.74
PR00324,M010,PART-0004,2023-10-31 17:00:00,2023-11-01 02:28:36.431662,9.48,487,16,3.34,69.2,OP010,87.1,182.18
PR00231,M014,PART-0045,2023-11-01 07:00:00,2023-11-01 09:03:32.361389,2.06,139,4,3.14,54.5,OP003,83.2,60.23
PR00114,M007,PART-0046,2023-11-02 00:00:00,2023-11-02 05:21:00.396947,5.35,749,5,0.79,22.6,OP019,89.4,74.61
PR00483,M011,PART-0015,2023-11-02 12:00:00,2023-11-02 16:50:10.011933,4.84,627,26,4.28,27.9,OP018,84.4,642.18
PR00214,M015,PART-0027,2023-11-02 13:00:00,2023-11-02 20:37:22.087612,7.62,1473,51,3.5,18.1,OP018,81.6,1119.25
PR00225,M001,PART-0040,2023-11-03 03:00:00,2023-11-03 08:27:36.262470,5.46,649,21,3.26,32.4,OP008,97.1,391.67
PR00071,M008,PART-0002,2023-11-03 06:00:00,2023-11-03 09:59:52.801754,4.0,645,25,3.95,19.0,OP015,96.7,229.82
PR00083,M013,PART-0046,2023-11-03 13:00:00,2023-11-03 18:31:11.457279,5.52,908,37,4.16,21.6,OP010,96.1,621.72
PR00497,M007,PART-0028,2023-11-03 14:00:00,2023-11-03 17:41:52.052684,3.7,620,15,2.57,19.3,OP019,86.8,201.35
PR00382,M011,PART-0037,2023-11-04 13:00:00,2023-11-04 19:47:11.475090,6.79,558,11,2.07,38.7,OP005,86.7,144.25
PR00037,M006,PART-0002,2023-11-04 23:00:00,2023-11-05 09:05:41.214607,10.09,1560,73,4.71,22.9,OP008,79.7,512.31
PR00358,M001,PART-0045,2023-11-06 11:00:00,2023-11-06 22:56:14.466503,11.94,1088,35,3.25,39.6,OP020,88.2,568.52
PR00488,M011,PART-0002,2023-11-06 21:00:00,2023-11-07 01:30:24.834973,4.51,693,32,4.74,20.3,OP004,92.0,691.4
PR00419,M010,PART-0048,2023-11-07 04:00:00,2023-11-07 12:53:18.332966,8.89,1276,42,3.35,20.7,OP007,78.2,372.2
PR00161,M002,PART-0027,2023-11-07 06:00:00,2023-11-07 15:47:43.609091,9.8,1277,56,4.46,29.3,OP009,83.8,823.85
PR00383,M015,PART-0026,2023-11-07 14:00:00,2023-11-07 21:33:41.394963,7.56,533,15,2.9,52.9,OP019,84.5,261.26
PR00150,M001,PART-0047,2023-11-10 14:00:00,2023-11-10 18:03:19.817162,4.06,366,10,2.99,36.7,OP018,81.1,106.3
PR00136,M005,PART-0048,2023-11-10 17:00:00,2023-11-11 01:34:07.119170,8.57,970,39,4.06,30.5,OP002,92.6,934.29
PR00098,M001,PART-0011,2023-11-11 04:00:00,2023-11-11 13:50:20.031426,9.84,1322,61,4.68,21.6,OP015,85.5,1515.04
PR00386,M012,PART-0039,2023-11-12 10:00:00,2023-11-12 13:45:42.264079,3.76,472,4,0.99,23.5,OP013,82.5,71.6
PR00283,M014,PART-0017,2023-11-12 10:00:00,2023-11-12 19:26:45.355937,9.45,995,30,3.02,31.0,OP012,75.5,222.74
PR00151,M006,PART-0024,2023-11-12 23:00:00,2023-11-13 04:55:44.479726,5.93,1185,14,1.19,18.9,OP001,84.8,152.47
PR00093,M014,PART-0042,2023-11-13 20:00:00,2023-11-14 07:37:39.791820,11.63,1938,96,4.97,23.2,OP005,91.1,734.77
PR00256,M002,PART-0050,2023-11-14 09:00:00,2023-11-14 17:35:38.134002,8.59,1693,76,4.54,19.1,OP014,87.0,942.97
PR00272,M007,PART-0031,2023-11-14 12:00:00,2023-11-14 20:44:13.125004,8.74,984,46,4.69,26.3,OP011,83.1,1052.77
PR00193,M005,PART-0030,2023-11-15 08:00:00,2023-11-15 10:45:01.735691,2.75,221,7,3.4,48.0,OP010,81.1,42.01
PR00004,M001,PART-0004,2023-11-15 12:00:00,2023-11-15 19:03:16.000669,7.05,676,14,2.09,32.4,OP010,86.4,317.06
PR00387,M001,PART-0001,2023-11-15 18:00:00,2023-11-16 04:10:13.209237,10.17,2156,72,3.36,18.2,OP005,90.2,1012.28
PR00263,M001,PART-0024,2023-11-15 20:00:00,2023-11-16 02:43:00.071763,6.72,893,15,1.68,22.4,OP003,89.0,292.35
PR00064,M002,PART-0009,2023-11-16 00:00:00,2023-11-16 11:25:46.568184,11.43,1691,28,1.71,22.1,OP003,79.3,391.35
PR00203,M011,PART-0002,2023-11-16 09:00:00,2023-11-16 15:28:14.452317,6.47,566,21,3.85,45.0,OP004,84.3,120.05
PR00178,M014,PART-0024,2023-11-16 17:00:00,2023-11-16 22:33:10.202260,5.55,658,29,4.49,28.1,OP009,88.5,413.98
PR00397,M013,PART-0038,2023-11-16 17:00:00,2023-11-16 23:43:28.256605,6.72,466,13,2.93,52.2,OP010,89.1,299.93
PR00165,M014,PART-0024,2023-11-16 18:00:00,2023-11-17 00:25:01.797530,6.42,1010,39,3.92,23.4,OP002,86.9,319.0
PR00266,M005,PART-0013,2023-11-17 16:00:00,2023-11-18 01:47:48.223643,9.8,1372,31,2.32,25.7,OP017,75.4,591.25
PR00327,M007,PART-0013,2023-11-18 12:00:00,2023-11-18 19:01:05.632162,7.02,599,15,2.66,43.4,OP016,84.1,246.4
PR00289,M012,PART-0025,2023-11-19 21:00:00,2023-11-20 01:37:28.281514,4.62,339,15,4.69,40.4,OP010,80.3,296.28
PR00418,M008,PART-0003,2023-11-20 10:00:00,2023-11-20 19:36:16.310912,9.6,1184,15,1.29,29.0,OP013,90.2,164.66
PR00449,M002,PART-0011,2023-11-20 12:00:00,2023-11-20 22:58:46.050955,10.98,1468,12,0.85,29.3,OP009,77.6,95.51
PR00322,M006,PART-0045,2023-11-22 01:00:00,2023-11-22 06:14:48.913945,5.25,773,32,4.22,20.8,OP019,93.8,221.03
PR00443,M014,PART-0049,2023-11-25 12:00:00,2023-11-25 22:56:03.639850,10.93,1416,25,1.83,26.7,OP009,91.1,431.25
PR00286,M010,PART-0046,2023-11-25 22:00:00,2023-11-26 01:37:11.981602,3.62,349,12,3.44,33.3,OP009,88.9,154.91
PR00159,M015,PART-0034,2023-11-27 22:00:00,2023-11-28 03:52:51.569509,5.88,857,37,4.35,23.8,OP015,96.1,194.15
PR00424,M013,PART-0022,2023-11-29 21:00:00,2023-11-30 00:08:30.468551,3.14,272,3,1.41,34.0,OP013,82.5,73.55
PR00216,M005,PART-0029,2023-11-30 02:00:00,2023-11-30 11:50:36.866434,9.84,1030,6,0.65,35.3,OP004,89.2,111.06
PR00014,M015,PART-0031,2023-11-30 02:00:00,2023-11-30 05:22:50.969488,3.38,337,16,4.99,35.0,OP017,83.7,386.14
PR00133,M011,PART-0034,2023-11-30 22:00:00,2023-12-01 02:47:51.935548,4.8,377,12,3.39,42.4,OP008,89.5,252.52
PR00043,M011,PART-0016,2023-12-02 07:00:00,2023-12-02 13:07:36.389603,6.13,924,10,1.1,23.1,OP009,79.7,179.34
PR00032,M011,PART-0030,2023-12-03 10:00:00,2023-12-03 13:19:09.996234,3.32,485,3,0.76,23.1,OP010,91.6,38.76
PR00139,M002,PART-0040,2023-12-03 17:00:00,2023-12-04 01:00:59.860312,8.02,422,2,0.5,65.5,OP007,93.5,23.63
PR00236,M013,PART-0017,2023-12-04 07:00:00,2023-12-04 13:36:45.547333,6.61,1032,36,3.52,18.9,OP004,79.5,598.03
PR00006,M010,PART-0033,2023-12-05 06:00:00,2023-12-05 13:37:05.407146,7.62,1044,8,0.83,25.4,OP015,92.6,84.76
PR00404,M002,PART-0049,2023-12-05 19:00:00,2023-12-06 01:38:24.537409,6.64,1011,39,3.86,21.1,OP018,80.4,728.14
PR00167,M011,PART-0026,2023-12-06 13:00:00,2023-12-06 22:02:46.822028,9.05,988,25,2.59,30.0,OP004,90.7,245.97
PR00378,M014,PART-0039,2023-12-06 21:00:00,2023-12-07 02:50:09.587016,5.84,389,5,1.31,50.0,OP019,89.5,94.01
PR00227,M011,PART-0007,2023-12-09 15:00:00,2023-12-10 01:58:58.137921,10.98,974,8,0.87,36.4,OP006,97.3,163.73
PR00154,M011,PART-0004,2023-12-09 16:00:00,2023-12-09 22:23:50.655223,6.4,649,11,1.71,30.8,OP005,92.3,201.84
PR00353,M010,PART-0011,2023-12-09 19:00:00,2023-12-10 06:07:21.100038,11.12,2290,100,4.38,18.6,OP005,79.1,1924.09
PR00251,M006,PART-0037,2023-12-09 20:00:00,2023-12-10 03:44:05.514409,7.73,591,16,2.81,39.6,OP005,76.3,162.64
PR00304,M001,PART-0050,2023-12-10 06:00:00,2023-12-10 15:50:05.108649,9.83,1692,20,1.2,21.1,OP003,80.7,299.97
PR00275,M012,PART-0037,2023-12-10 09:00:00,2023-12-10 14:42:43.075274,5.71,703,34,4.93,27.7,OP009,86.3,839.39
PR00406,M014,PART-0042,2023-12-10 21:00:00,2023-12-11 08:10:37.637078,11.18,1700,41,2.44,25.7,OP009,82.7,424.01
PR00194,M005,PART-0049,2023-12-11 15:00:00,2023-12-11 20:36:07.727906,5.6,675,6,1.02,27.7,OP002,75.2,46.61
PR00245,M008,PART-0003,2023-12-11 17:00:00,2023-12-12 02:36:53.005602,9.61,858,18,2.16,33.0,OP007,86.9,374.93
PR00117,M005,PART-0047,2023-12-13 07:00:00,2023-12-13 17:01:52.157512,10.03,1365,22,1.62,22.9,OP011,81.2,144.27
PR00022,M005,PART-0019,2023-12-13 12:00:00,2023-12-13 21:52:46.582676,9.88,1035,49,4.83,37.1,OP002,75.2,801.6
PR00421,M001,PART-0042,2023-12-13 14:00:00,2023-12-13 16:33:37.960311,2.56,141,2,1.45,60.0,OP017,85.5,37.12
PR00301,M006,PART-0031,2023-12-14 18:00:00,2023-12-15 00:36:30.046871,6.61,467,22,4.92,48.6,OP013,90.7,247.33
PR00436,M005,PART-0030,2023-12-15 02:00:00,2023-12-15 09:41:11.969978,7.69,782,33,4.33,29.8,OP014,78.9,391.76
PR00144,M013,PART-0032,2023-12-15 19:00:00,2023-12-16 03:01:25.992028,8.02,843,8,0.97,34.0,OP005,82.6,52.45
PR00495,M001,PART-0002,2023-12-17 06:00:00,2023-12-17 08:27:04.264275,2.45,317,12,3.84,25.2,OP011,83.8,162.76
PR00169,M007,PART-0015,2023-12-17 12:00:00,2023-12-17 14:29:47.437542,2.5,505,7,1.46,18.4,OP008,90.6,72.67
PR00175,M015,PART-0025,2023-12-18 04:00:00,2023-12-18 10:58:25.421823,6.97,765,18,2.38,28.8,OP002,88.4,448.11
PR00459,M007,PART-0004,2023-12-19 12:00:00,2023-12-19 20:10:30.791735,8.18,809,7,0.92,34.0,OP020,89.8,116.68
PR00320,M008,PART-0037,2023-12-20 02:00:00,2023-12-20 12:13:24.148492,10.22,1861,57,3.07,18.8,OP005,77.2,809.82
PR00079,M002,PART-0034,2023-12-20 14:00:00,2023-12-20 22:28:46.917022,8.48,841,32,3.83,39.1,OP006,87.7,371.83
PR00036,M001,PART-0015,2023-12-20 15:00:00,2023-12-20 21:37:48.140443,6.63,1161,25,2.21,19.0,OP008,85.6,202.56
PR00130,M002,PART-0022,2023-12-20 22:00:00,2023-12-21 01:58:39.012121,3.98,676,6,0.91,22.1,OP004,76.0,85.32
PR00415,M011,PART-0018,2023-12-22 09:00:00,2023-12-22 12:29:18.753916,3.49,188,6,3.49,72.0,OP005,91.1,138.55
PR00059,M008,PART-0037,2023-12-23 18:00:00,2023-12-24 01:52:13.299747,7.87,1281,23,1.85,23.8,OP008,88.0,505.74
PR00401,M007,PART-0043,2023-12-24 01:00:00,2023-12-24 04:06:55.778555,3.12,314,12,3.83,38.3,OP015,83.5,102.1
PR00376,M002,PART-0021,2023-12-24 05:00:00,2023-12-24 12:35:46.527488,7.6,497,10,2.08,47.4,OP009,78.3,190.87
PR00345,M010,PART-0049,2023-12-24 16:00:00,2023-12-25 03:30:07.129530,11.5,1246,61,4.95,34.0,OP007,76.5,1436.07
PR00199,M008,PART-0037,2023-12-25 02:00:00,2023-12-25 12:40:59.961787,10.68,2025,62,3.09,19.6,OP008,97.5,1140.61
PR00472,M005,PART-0011,2023-12-25 20:00:00,2023-12-26 03:10:54.146866,7.18,1076,25,2.35,24.8,OP004,80.0,376.69
PR00129,M002,PART-0024,2023-12-25 23:00:00,2023-12-26 09:18:13.403948,10.3,916,38,4.21,34.0,OP003,88.4,386.7
PR00398,M012,PART-0023,2023-12-26 09:00:00,2023-12-26 15:32:25.251787,6.54,1080,21,1.99,21.2,OP010,81.7,119.84
PR00228,M012,PART-0007,2023-12-28 04:00:00,2023-12-28 06:39:16.985596,2.65,292,7,2.41,34.6,OP007,87.4,133.38
PR00457,M005,PART-0031,2023-12-29 01:00:00,2023-12-29 08:27:41.241167,7.46,1201,44,3.67,20.1,OP010,97.3,883.66
PR00416,M013,PART-0047,2023-12-30 08:00:00,2023-12-30 17:04:33.803474,9.08,1498,34,2.32,20.6,OP003,87.4,172.25
PR00319,M010,PART-0020,2023-12-31 01:00:00,2023-12-31 03:20:47.864480,2.35,280,7,2.83,29.5,OP001,81.9,66.06
PR00390,M001,PART-0002,2023-12-31 02:00:00,2023-12-31 09:36:01.089283,7.6,892,15,1.77,25.5,OP008,84.9,252.05
PR00309,M011,PART-0024,2023-12-31 04:00:00,2023-12-31 11:03:34.478386,7.06,729,23,3.29,37.1,OP020,80.5,446.66
PR00101,M002,PART-0029,2023-12-31 18:00:00,2024-01-01 00:46:05.041497,6.77,549,15,2.84,43.4,OP001,75.2,178.07
PR00204,M012,PART-0042,2023-12-31 22:00:00,2024-01-01 07:55:04.198266,9.92,1343,40,3.03,28.3,OP015,96.9,490.67
